type,name,desc,sample_id,visible_id,latitude,longitude
T,NULL,NULL,,,8.696545349088638,5.026832357789471
T,NULL,NULL,637211672,195,8.696545349088638,5.026832357789471
T,NULL,NULL,,,8.007986684110264,6.069238214838096
T,NULL,NULL,637211942,465,8.007986684110264,6.069238214838096
T,NULL,NULL,,,8.50870762409454,5.282043956102553
T,NULL,NULL,637211651,174,8.50870762409454,5.282043956102553
T,NULL,NULL,,,6.491001664157622,4.302433239108192
T,NULL,NULL,637211614,137,6.491001664157622,4.302433239108192
T,NULL,NULL,,,9.962091922048685,5.53752294485116
T,NULL,NULL,637211505,28,9.962091922048685,5.53752294485116
T,NULL,NULL,,,6.702824408151059,6.060885214774087
T,NULL,NULL,637211740,263,6.702824408151059,6.060885214774087
T,NULL,NULL,,,7.600241377123027,4.957573493054794
T,NULL,NULL,637211525,48,7.600241377123027,4.957573493054794
T,NULL,NULL,,,7.313499138131988,5.857685704798365
T,NULL,NULL,637211673,196,7.313499138131988,5.857685704798365
T,NULL,NULL,,,10.410261417034476,8.331103174431528
T,NULL,NULL,637211772,295,10.410261417034476,8.331103174431528
T,NULL,NULL,,,5.976805995173606,5.922365634079362
T,NULL,NULL,637211757,280,5.976805995173606,5.922365634079362
T,NULL,NULL,,,7.975916829111256,5.87331568748294
T,NULL,NULL,637211922,445,7.975916829111256,5.87331568748294
T,NULL,NULL,,,8.135188128106265,5.365048721001279
T,NULL,NULL,637211478,1,8.135188128106265,5.365048721001279
T,NULL,NULL,,,8.39120798409823,5.434847523450873
T,NULL,NULL,637211890,413,8.39120798409823,5.434847523450873
T,NULL,NULL,,,8.356982172099308,6.1535896223747235
T,NULL,NULL,637211734,257,8.356982172099308,6.1535896223747235
T,NULL,NULL,,,8.244602930102829,5.390920076275302
T,NULL,NULL,637211504,27,8.244602930102829,5.390920076275302
T,NULL,NULL,,,8.63833451909045,5.634003729159962
T,NULL,NULL,637211837,360,8.63833451909045,5.634003729159962
T,NULL,NULL,,,6.340893180162297,4.997729402276361
T,NULL,NULL,637211932,455,6.340893180162297,4.997729402276361
T,NULL,NULL,,,11.448893548001365,3.815719796914355
T,NULL,NULL,637211928,451,11.448893548001365,3.815719796914355
T,NULL,NULL,,,6.753219895149442,5.824807910842415
T,NULL,NULL,637211969,492,6.753219895149442,5.824807910842415
T,NULL,NULL,,,4.825794622209287,6.1886271411701905
T,NULL,NULL,637211637,160,4.825794622209287,6.1886271411701905
T,NULL,NULL,,,6.4818388481579206,5.783305993328123
T,NULL,NULL,637211821,344,6.4818388481579206,5.783305993328123
T,NULL,NULL,,,9.173550765073614,4.659241148612706
T,NULL,NULL,637211902,425,9.173550765073614,4.659241148612706
T,NULL,NULL,,,8.378002750098645,5.03491757487459
T,NULL,NULL,637211845,368,8.378002750098645,5.03491757487459
T,NULL,NULL,,,7.937109608112451,7.124309594418737
T,NULL,NULL,637211935,458,7.937109608112451,7.124309594418737
T,NULL,NULL,,,5.410597872191175,8.362639547863099
T,NULL,NULL,637211632,155,5.410597872191175,8.362639547863099
T,NULL,NULL,,,8.183427659104737,4.907446860223665
T,NULL,NULL,637211838,361,8.183427659104737,4.907446860223665
T,NULL,NULL,,,8.007986684110264,5.228954097838097
T,NULL,NULL,637211729,252,8.007986684110264,5.228954097838097
T,NULL,NULL,,,5.185300398198166,6.386974908359309
T,NULL,NULL,637211556,79,5.185300398198166,6.386974908359309
T,NULL,NULL,,,7.867041016114683,6.0848690563943455
T,NULL,NULL,637211533,56,7.867041016114683,6.0848690563943455
T,NULL,NULL,,,5.337834334193417,8.636176605765607
T,NULL,NULL,637211558,81,5.337834334193417,8.636176605765607
T,NULL,NULL,,,7.989930547110816,6.0832519529252105
T,NULL,NULL,637211926,449,7.989930547110816,6.0832519529252105
T,NULL,NULL,,,5.238121337196532,8.379078844429799
T,NULL,NULL,637211717,240,5.238121337196532,8.379078844429799
T,NULL,NULL,,,6.572119534155107,5.61756674182021
T,NULL,NULL,637211630,153,6.572119534155107,5.61756674182021
T,NULL,NULL,,,6.385359786160905,6.149279726159516
T,NULL,NULL,637211939,462,6.385359786160905,6.149279726159516
T,NULL,NULL,,,6.676413939151843,3.7788050912256996
T,NULL,NULL,637211562,85,6.676413939151843,3.7788050912256996
T,NULL,NULL,,,8.057843182108684,6.1837733581304715
T,NULL,NULL,637211589,112,8.057843182108684,6.1837733581304715
T,NULL,NULL,,,7.250976394133943,10.502424943944789
T,NULL,NULL,637211830,353,7.250976394133943,10.502424943944789
T,NULL,NULL,,,9.187833978073172,8.00609438428047
T,NULL,NULL,637211858,381,9.187833978073172,8.00609438428047
T,NULL,NULL,,,7.171744986136403,10.547430619166978
T,NULL,NULL,637211903,426,7.171744986136403,10.547430619166978
T,NULL,NULL,,,5.394697691191695,7.924171869705025
T,NULL,NULL,637211531,54,5.394697691191695,7.924171869705025
T,NULL,NULL,,,9.11614841907543,4.521259993987582
T,NULL,NULL,637211538,61,9.11614841907543,4.521259993987582
T,NULL,NULL,,,5.533217908187368,8.131952090351303
T,NULL,NULL,637211576,99,5.533217908187368,8.131952090351303
T,NULL,NULL,,,8.288261053101465,11.171309385026571
T,NULL,NULL,637211741,264,8.288261053101465,11.171309385026571
T,NULL,NULL,,,8.223043363103514,5.752581833988206
T,NULL,NULL,637211561,84,8.223043363103514,5.752581833988206
T,NULL,NULL,,,5.78438686117957,8.268585649278327
T,NULL,NULL,637211500,23,5.78438686117957,8.268585649278327
T,NULL,NULL,,,7.059635239139894,5.5644758487379535
T,NULL,NULL,637211661,184,7.059635239139894,5.5644758487379535
T,NULL,NULL,,,7.139675131137423,10.433973429979151
T,NULL,NULL,637211819,342,7.139675131137423,10.433973429979151
T,NULL,NULL,,,5.273155633195444,8.245409505057477
T,NULL,NULL,637211482,5,5.273155633195444,8.245409505057477
T,NULL,NULL,,,5.207937944197482,7.9519299481515215
T,NULL,NULL,637211711,234,5.207937944197482,7.9519299481515215
T,NULL,NULL,,,6.578587404154874,5.981653920936613
T,NULL,NULL,637211522,45,6.578587404154874,5.981653920936613
T,NULL,NULL,,,6.496661050157442,3.8591146410252506
T,NULL,NULL,637211807,330,6.496661050157442,3.8591146410252506
T,NULL,NULL,,,7.0704150221395565,3.828930709183769
T,NULL,NULL,637211523,46,7.0704150221395565,3.828930709183769
T,NULL,NULL,,,6.442492639159141,5.347263789490686
T,NULL,NULL,637211833,356,6.442492639159141,5.347263789490686
T,NULL,NULL,,,5.3227426371938975,6.799032029852682
T,NULL,NULL,637211713,236,5.3227426371938975,6.799032029852682
T,NULL,NULL,,,5.51489227618795,7.917973404311017
T,NULL,NULL,637211811,334,5.51489227618795,7.917973404311017
T,NULL,NULL,,,9.253321163071078,3.557816675847834
T,NULL,NULL,637211520,43,9.253321163071078,3.557816675847834
T,NULL,NULL,,,8.424355818097183,5.0262936936233125
T,NULL,NULL,637211940,463,8.424355818097183,5.0262936936233125
T,NULL,NULL,,,8.488226035095195,5.314383330361836
T,NULL,NULL,637211863,386,8.488226035095195,5.314383330361836
T,NULL,NULL,,,7.793738489116976,10.204902355169176
T,NULL,NULL,637211944,467,7.793738489116976,10.204902355169176
T,NULL,NULL,,,8.550209790093248,11.420322073759662
T,NULL,NULL,637211976,499,8.550209790093248,11.420322073759662
T,NULL,NULL,,,7.222948957134818,3.3966612430710983
T,NULL,NULL,637211920,443,7.222948957134818,3.3966612430710983
T,NULL,NULL,,,8.529997696093872,5.328935987821398
T,NULL,NULL,637211495,18,8.529997696093872,5.328935987821398
T,NULL,NULL,,,7.691061052120176,4.885618342618343
T,NULL,NULL,637211594,117,7.691061052120176,4.885618342618343
T,NULL,NULL,,,9.794735784054012,7.935485996763723
T,NULL,NULL,637211694,217,9.794735784054012,7.935485996763723
T,NULL,NULL,,,7.996937406110575,5.89298876813577
T,NULL,NULL,637211557,80,7.996937406110575,5.89298876813577
T,NULL,NULL,,,8.406838670097727,6.352207073161705
T,NULL,NULL,637211929,452,8.406838670097727,6.352207073161705
T,NULL,NULL,,,8.176420800104978,5.391459143200979
T,NULL,NULL,637211867,390,8.176420800104978,5.391459143200979
T,NULL,NULL,,,8.445106901096537,11.37235216223589
T,NULL,NULL,637211571,94,8.445106901096537,11.37235216223589
T,NULL,NULL,,,5.207398954197458,6.8529310305382545
T,NULL,NULL,637211492,15,5.207398954197458,6.8529310305382545
T,NULL,NULL,,,8.035475132109397,4.836839446167795
T,NULL,NULL,637211913,436,8.035475132109397,4.836839446167795
T,NULL,NULL,,,8.946097335080779,3.0592520835398864
T,NULL,NULL,637211517,40,8.946097335080779,3.0592520835398864
T,NULL,NULL,,,6.138502746168598,5.353731923795165
T,NULL,NULL,637211869,392,6.138502746168598,5.353731923795165
T,NULL,NULL,,,9.595309791060302,5.849867672736992
T,NULL,NULL,637211825,348,9.595309791060302,5.849867672736992
T,NULL,NULL,,,5.190690290198006,6.754296024506804
T,NULL,NULL,637211839,362,5.190690290198006,6.754296024506804
T,NULL,NULL,,,6.596104552154358,6.037169788972168
T,NULL,NULL,637211638,161,6.596104552154358,6.037169788972168
T,NULL,NULL,,,8.282871161101653,5.92371082724498
T,NULL,NULL,637211823,346,8.282871161101653,5.92371082724498
T,NULL,NULL,,,6.467555635158362,3.873397880117895
T,NULL,NULL,637211765,288,6.467555635158362,3.873397880117895
T,NULL,NULL,,,7.8489848791152355,6.943748319116258
T,NULL,NULL,637211963,486,7.8489848791152355,6.943748319116258
T,NULL,NULL,,,8.014993543110052,6.213956799030486
T,NULL,NULL,637211668,191,8.014993543110052,6.213956799030486
T,NULL,NULL,,,5.127359063199975,7.922285601517559
T,NULL,NULL,637211862,385,5.127359063199975,7.922285601517559
T,NULL,NULL,,,8.470978382095709,5.184217465743687
T,NULL,NULL,637211689,212,8.470978382095709,5.184217465743687
T,NULL,NULL,,,7.5439170081247795,5.5148883542701155
T,NULL,NULL,637211705,228,7.5439170081247795,5.5148883542701155
T,NULL,NULL,,,5.923176573175283,6.011298891136624
T,NULL,NULL,637211798,321,5.923176573175283,6.011298891136624
T,NULL,NULL,,,6.486689751157741,5.308995518977873
T,NULL,NULL,637211924,447,6.486689751157741,5.308995518977873
T,NULL,NULL,,,6.405841375160264,5.9169753750482
T,NULL,NULL,637211747,270,6.405841375160264,5.9169753750482
T,NULL,NULL,,,7.9813067201110925,5.633734994502536
T,NULL,NULL,637211623,146,7.9813067201110925,5.633734994502536
T,NULL,NULL,,,7.242083073134211,10.713439212881596
T,NULL,NULL,637211780,303,7.242083073134211,10.713439212881596
T,NULL,NULL,,,6.47456249415815,3.8979218818472683
T,NULL,NULL,637211754,277,6.47456249415815,3.8979218818472683
T,NULL,NULL,,,9.506376578063126,4.61180966669444
T,NULL,NULL,637211843,366,9.506376578063126,4.61180966669444
T,NULL,NULL,,,7.147220979137188,10.392201762507092
T,NULL,NULL,637211613,136,7.147220979137188,10.392201762507092
T,NULL,NULL,,,7.145604011137209,4.080908072108931
T,NULL,NULL,637211956,479,7.145604011137209,4.080908072108931
T,NULL,NULL,,,6.609579281153941,3.954246127662298
T,NULL,NULL,637211724,247,6.609579281153941,3.954246127662298
T,NULL,NULL,,,8.482027660095355,5.081001026691512
T,NULL,NULL,637211880,403,8.482027660095355,5.081001026691512
T,NULL,NULL,,,11.213894270008893,3.7626297404334617
T,NULL,NULL,637211725,248,11.213894270008893,3.7626297404334617
T,NULL,NULL,,,7.609673687122736,3.9456213150940296
T,NULL,NULL,637211934,457,7.609673687122736,3.9456213150940296
T,NULL,NULL,,,5.223029640196998,8.192049613306569
T,NULL,NULL,637211631,154,5.223029640196998,8.192049613306569
T,NULL,NULL,,,8.253496251102547,4.856512303061724
T,NULL,NULL,637211696,219,8.253496251102547,4.856512303061724
T,NULL,NULL,,,9.861839936051865,7.41805630027007
T,NULL,NULL,637211597,120,9.861839936051865,7.41805630027007
T,NULL,NULL,,,5.293098232194836,8.25133837153817
T,NULL,NULL,637211832,355,5.293098232194836,8.25133837153817
T,NULL,NULL,,,5.3448411931932185,7.133205298607212
T,NULL,NULL,637211911,434,5.3448411931932185,7.133205298607212
T,NULL,NULL,,,6.165452205167767,5.240813669890056
T,NULL,NULL,637211876,399,6.165452205167767,5.240813669890056
T,NULL,NULL,,,9.534404015062236,4.640915044329936
T,NULL,NULL,637211611,134,9.534404015062236,4.640915044329936
T,NULL,NULL,,,8.383662136098494,4.766231466267508
T,NULL,NULL,637211627,150,8.383662136098494,4.766231466267508
T,NULL,NULL,,,7.0496639391401885,4.373848780485872
T,NULL,NULL,637211710,233,7.0496639391401885,4.373848780485872
T,NULL,NULL,,,6.711717729150763,3.92109819951816
T,NULL,NULL,637211549,72,6.711717729150763,3.92109819951816
T,NULL,NULL,,,7.03322476914073,5.568248798525922
T,NULL,NULL,637211844,367,7.03322476914073,5.568248798525922
T,NULL,NULL,,,8.351322786099473,5.675236739960022
T,NULL,NULL,637211658,181,8.351322786099473,5.675236739960022
T,NULL,NULL,,,5.08828234820119,7.965943752010846
T,NULL,NULL,637211908,431,5.08828234820119,7.965943752010846
T,NULL,NULL,,,5.348883612193106,7.132666306628092
T,NULL,NULL,637211760,283,5.348883612193106,7.132666306628092
T,NULL,NULL,,,6.609579281153941,3.954246127662298
T,NULL,NULL,637211724,247,6.609579281153941,3.954246127662298
T,NULL,NULL,,,6.380239389161076,5.386879548678092
T,NULL,NULL,637211670,193,6.380239389161076,5.386879548678092
T,NULL,NULL,,,7.093591556138833,4.775126175436351
T,NULL,NULL,637211897,420,7.093591556138833,4.775126175436351
T,NULL,NULL,,,8.062694085108546,4.732275516691201
T,NULL,NULL,637211882,405,8.062694085108546,4.732275516691201
T,NULL,NULL,,,8.736700043087353,5.183947651960739
T,NULL,NULL,637211540,63,8.736700043087353,5.183947651960739
T,NULL,NULL,,,8.023078381109798,5.864152819012938
T,NULL,NULL,637211639,162,8.023078381109798,5.864152819012938
T,NULL,NULL,,,5.284474406195088,7.004117436823608
T,NULL,NULL,637211645,168,5.284474406195088,7.004117436823608
T,NULL,NULL,,,7.170936502136442,10.430739463970763
T,NULL,NULL,637211795,318,7.170936502136442,10.430739463970763
T,NULL,NULL,,,6.714412675150655,3.9213676920141523
T,NULL,NULL,637211972,495,6.714412675150655,3.9213676920141523
T,NULL,NULL,,,8.570421884092596,5.405741896638847
T,NULL,NULL,637211489,12,8.570421884092596,5.405741896638847
T,NULL,NULL,,,8.16321556510539,5.22194706421594
T,NULL,NULL,637211888,411,8.16321556510539,5.22194706421594
T,NULL,NULL,,,10.276861597038717,8.044361129461699
T,NULL,NULL,637211802,325,10.276861597038717,8.044361129461699
T,NULL,NULL,,,6.956957802143094,5.42595573143915
T,NULL,NULL,637211682,205,6.956957802143094,5.42595573143915
T,NULL,NULL,,,5.241085778196421,8.269394546289549
T,NULL,NULL,637211916,439,5.241085778196421,8.269394546289549
T,NULL,NULL,,,5.71701321518168,7.574367651741149
T,NULL,NULL,637211527,50,5.71701321518168,7.574367651741149
T,NULL,NULL,,,8.012837587110084,6.040132794433577
T,NULL,NULL,637211592,115,8.012837587110084,6.040132794433577
T,NULL,NULL,,,8.230858706103248,6.189702043037514
T,NULL,NULL,637211702,225,8.230858706103248,6.189702043037514
T,NULL,NULL,,,7.317272062131863,10.851420364969988
T,NULL,NULL,637211519,42,7.317272062131863,10.851420364969988
T,NULL,NULL,,,9.250626217071186,5.148104227334776
T,NULL,NULL,637211788,311,9.250626217071186,5.148104227334776
T,NULL,NULL,,,8.008256179110234,6.277288034537934
T,NULL,NULL,637211481,4,8.008256179110234,6.277288034537934
T,NULL,NULL,,,5.73560834118112,7.584877925049037
T,NULL,NULL,637211721,244,5.73560834118112,7.584877925049037
T,NULL,NULL,,,8.10527422910721,7.3482594078013435
T,NULL,NULL,637211746,269,8.10527422910721,7.3482594078013435
T,NULL,NULL,,,7.896685420113755,5.229223715913696
T,NULL,NULL,637211485,8,7.896685420113755,5.229223715913696
T,NULL,NULL,,,7.100598416138624,11.370736647544193
T,NULL,NULL,637211685,208,7.100598416138624,11.370736647544193
T,NULL,NULL,,,6.954801845143166,6.133648514516568
T,NULL,NULL,637211965,488,6.954801845143166,6.133648514516568
T,NULL,NULL,,,8.36102459109918,5.288511999668111
T,NULL,NULL,637211808,331,8.36102459109918,5.288511999668111
T,NULL,NULL,,,6.363800220161593,5.819148878160099
T,NULL,NULL,637211590,113,6.363800220161593,5.819148878160099
T,NULL,NULL,,,7.155844806136884,5.264258785957684
T,NULL,NULL,637211595,118,7.155844806136884,5.264258785957684
T,NULL,NULL,,,7.15288036513698,10.418342731897738
T,NULL,NULL,637211766,289,7.15288036513698,10.418342731897738
T,NULL,NULL,,,7.988583074110849,5.267222350422372
T,NULL,NULL,637211752,275,7.988583074110849,5.267222350422372
T,NULL,NULL,,,5.090977294201096,6.714949885121597
T,NULL,NULL,637211927,450,5.090977294201096,6.714949885121597
T,NULL,NULL,,,8.482027660095355,5.081001026691512
T,NULL,NULL,637211880,403,8.482027660095355,5.081001026691512
T,NULL,NULL,,,9.141211415074622,7.438269353009736
T,NULL,NULL,637211846,369,9.141211415074622,7.438269353009736
T,NULL,NULL,,,8.002866287110407,2.821558973539199
T,NULL,NULL,637211946,469,8.002866287110407,2.821558973539199
T,NULL,NULL,,,7.171744986136403,10.547430619166978
T,NULL,NULL,637211903,426,7.171744986136403,10.547430619166978
T,NULL,NULL,,,5.016596788203387,7.456599035892869
T,NULL,NULL,637211794,317,5.016596788203387,7.456599035892869
T,NULL,NULL,,,7.439622604128047,10.857079625721292
T,NULL,NULL,637211506,29,7.439622604128047,10.857079625721292
T,NULL,NULL,,,7.675160871120681,5.515696699587074
T,NULL,NULL,637211629,152,7.675160871120681,5.515696699587074
T,NULL,NULL,,,6.694739570151285,3.833242980269762
T,NULL,NULL,637211797,320,6.694739570151285,3.833242980269762
T,NULL,NULL,,,6.582629823154761,4.887236406256361
T,NULL,NULL,637211836,359,6.582629823154761,4.887236406256361
T,NULL,NULL,,,7.244508524134162,10.721254553445402
T,NULL,NULL,637211622,145,7.244508524134162,10.721254553445402
T,NULL,NULL,,,6.962617188142943,10.945743824982792
T,NULL,NULL,637211591,114,6.962617188142943,10.945743824982792
T,NULL,NULL,,,7.951392821112023,6.03555145464112
T,NULL,NULL,637211709,232,7.951392821112023,6.03555145464112
T,NULL,NULL,,,8.023347876109767,5.09744072371219
T,NULL,NULL,637211968,491,8.023347876109767,5.09744072371219
T,NULL,NULL,,,7.587575131123415,4.250150220410673
T,NULL,NULL,637211776,299,7.587575131123415,4.250150220410673
T,NULL,NULL,,,7.928755276112739,5.878975125633583
T,NULL,NULL,637211951,474,7.928755276112739,5.878975125633583
T,NULL,NULL,,,7.962442099111669,5.886251442415705
T,NULL,NULL,637211739,262,7.962442099111669,5.886251442415705
T,NULL,NULL,,,8.398753833097985,5.019825853626022
T,NULL,NULL,637211634,157,8.398753833097985,5.019825853626022
T,NULL,NULL,,,10.14885166904277,7.940336403172656
T,NULL,NULL,637211656,179,10.14885166904277,7.940336403172656
T,NULL,NULL,,,7.809638669116467,5.761206121930482
T,NULL,NULL,637211906,429,7.809638669116467,5.761206121930482
T,NULL,NULL,,,8.344585421099694,5.976801188793639
T,NULL,NULL,637211912,435,8.344585421099694,5.976801188793639
T,NULL,NULL,,,7.9670235071115485,6.15278158134149
T,NULL,NULL,637211521,44,7.9670235071115485,6.15278158134149
T,NULL,NULL,,,8.015532533110019,6.228240011429606
T,NULL,NULL,637211697,220,8.015532533110019,6.228240011429606
T,NULL,NULL,,,6.8987469711449165,5.956590625297889
T,NULL,NULL,637211719,242,6.8987469711449165,5.956590625297889
T,NULL,NULL,,,5.329749496193685,7.644706032709072
T,NULL,NULL,637211806,329,5.329749496193685,7.644706032709072
T,NULL,NULL,,,6.4915406531576,3.8194989416242966
T,NULL,NULL,637211758,281,6.4915406531576,3.8194989416242966
T,NULL,NULL,,,4.879424044207639,6.758069164346332
T,NULL,NULL,637211730,253,4.879424044207639,6.758069164346332
T,NULL,NULL,,,6.702824408151059,6.060885214774087
T,NULL,NULL,637211740,263,6.702824408151059,6.060885214774087
T,NULL,NULL,,,10.43478542403372,3.714660893473927
T,NULL,NULL,637211636,159,10.43478542403372,3.714660893473927
T,NULL,NULL,,,9.427414665065584,7.411589017343038
T,NULL,NULL,637211691,214,9.427414665065584,7.411589017343038
T,NULL,NULL,,,8.057843182108684,4.729580576130471
T,NULL,NULL,637211599,122,8.057843182108684,4.729580576130471
T,NULL,NULL,,,5.5043819871882675,7.9726808122961055
T,NULL,NULL,637211653,176,5.5043819871882675,7.9726808122961055
T,NULL,NULL,,,5.321934153193922,8.124675895445735
T,NULL,NULL,637211574,97,5.321934153193922,8.124675895445735
T,NULL,NULL,,,5.122238665200115,8.635368278132262
T,NULL,NULL,637211966,489,5.122238665200115,8.635368278132262
T,NULL,NULL,,,9.435230008065346,8.237859405026029
T,NULL,NULL,637211550,73,9.435230008065346,8.237859405026029
T,NULL,NULL,,,5.803790472178974,6.304509096762894
T,NULL,NULL,637211708,231,5.803790472178974,6.304509096762894
T,NULL,NULL,,,8.215767009103743,5.7272493513137
T,NULL,NULL,637211933,456,8.215767009103743,5.7272493513137
T,NULL,NULL,,,4.827411589209234,6.191861075095931
T,NULL,NULL,637211626,149,4.827411589209234,6.191861075095931
T,NULL,NULL,,,8.704899682088381,5.426762312649724
T,NULL,NULL,637211950,473,8.704899682088381,5.426762312649724
T,NULL,NULL,,,6.7192635781505174,4.027548553504347
T,NULL,NULL,637211803,326,6.7192635781505174,4.027548553504347
T,NULL,NULL,,,5.6038254891851835,8.814851315125589
T,NULL,NULL,637211681,204,5.6038254891851835,8.814851315125589
T,NULL,NULL,,,6.9820207981423295,11.543752286240757
T,NULL,NULL,637211669,192,6.9820207981423295,11.543752286240757
T,NULL,NULL,,,8.222234879103524,7.454979129913636
T,NULL,NULL,637211545,68,8.222234879103524,7.454979129913636
T,NULL,NULL,,,7.244508524134162,10.721254553445402
T,NULL,NULL,637211622,145,7.244508524134162,10.721254553445402
T,NULL,NULL,,,7.92471285711288,7.9225525700887856
T,NULL,NULL,637211671,194,7.92471285711288,7.9225525700887856
T,NULL,NULL,,,5.207937944197482,7.9519299481515215
T,NULL,NULL,637211711,234,5.207937944197482,7.9519299481515215
T,NULL,NULL,,,9.496135784063455,4.616391088318145
T,NULL,NULL,637211948,471,9.496135784063455,4.616391088318145
T,NULL,NULL,,,8.46127657709603,11.370196187189595
T,NULL,NULL,637211793,316,8.46127657709603,11.370196187189595
T,NULL,NULL,,,6.141736681168496,5.465302679051952
T,NULL,NULL,637211620,143,6.141736681168496,5.465302679051952
T,NULL,NULL,,,6.8359547331468775,4.387593210014014
T,NULL,NULL,637211917,440,6.8359547331468775,4.387593210014014
T,NULL,NULL,,,8.011220619110148,4.98775644023546
T,NULL,NULL,637211805,328,8.011220619110148,4.98775644023546
T,NULL,NULL,,,8.206065204104036,5.419486546402501
T,NULL,NULL,637211860,383,8.206065204104036,5.419486546402501
T,NULL,NULL,,,9.907115026050434,12.811181877490107
T,NULL,NULL,637211910,433,9.907115026050434,12.811181877490107
T,NULL,NULL,,,10.991291743016006,8.992172515427038
T,NULL,NULL,637211769,292,10.991291743016006,8.992172515427038
T,NULL,NULL,,,7.701840835119825,5.032492880093542
T,NULL,NULL,637211960,483,7.701840835119825,5.032492880093542
T,NULL,NULL,,,5.858228378177287,6.018305802951334
T,NULL,NULL,637211875,398,5.858228378177287,6.018305802951334
T,NULL,NULL,,,5.363705814192656,7.967830015685104
T,NULL,NULL,637211646,169,5.363705814192656,7.967830015685104
T,NULL,NULL,,,6.962078199142937,10.93280808150264
T,NULL,NULL,637211764,287,6.962078199142937,10.93280808150264
T,NULL,NULL,,,6.486150761157759,4.285994073461398
T,NULL,NULL,637211826,349,6.486150761157759,4.285994073461398
T,NULL,NULL,,,6.762113217149178,5.339717649523017
T,NULL,NULL,637211544,67,6.762113217149178,5.339717649523017
T,NULL,NULL,,,5.612449316184922,6.8313711614547366
T,NULL,NULL,637211649,172,5.612449316184922,6.8313711614547366
T,NULL,NULL,,,6.239293721165467,5.321392487605909
T,NULL,NULL,637211676,199,6.239293721165467,5.321392487605909
T,NULL,NULL,,,6.793374589148215,5.9142800751901605
T,NULL,NULL,637211488,11,6.793374589148215,5.9142800751901605
T,NULL,NULL,,,6.970971520142683,5.477698677919856
T,NULL,NULL,637211675,198,6.970971520142683,5.477698677919856
T,NULL,NULL,,,5.37529408119228,6.224469535108278
T,NULL,NULL,637211568,91,5.37529408119228,6.224469535108278
T,NULL,NULL,,,6.948333975143385,5.380411154744861
T,NULL,NULL,637211921,444,6.948333975143385,5.380411154744861
T,NULL,NULL,,,8.205526215104072,5.739646114018149
T,NULL,NULL,637211784,307,8.205526215104072,5.739646114018149
T,NULL,NULL,,,5.016596788203387,7.456599035892869
T,NULL,NULL,637211794,317,5.016596788203387,7.456599035892869
T,NULL,NULL,,,8.848809790083862,12.767794638395833
T,NULL,NULL,637211608,131,8.848809790083862,12.767794638395833
T,NULL,NULL,,,7.19087910213581,10.422385112116915
T,NULL,NULL,637211564,87,7.19087910213581,10.422385112116915
T,NULL,NULL,,,8.293111955101296,6.585320022426424
T,NULL,NULL,637211878,401,8.293111955101296,6.585320022426424
T,NULL,NULL,,,8.147315385105884,5.848521993261879
T,NULL,NULL,637211674,197,8.147315385105884,5.848521993261879
T,NULL,NULL,,,6.116404190169263,5.864963170501052
T,NULL,NULL,637211536,59,6.116404190169263,5.864963170501052
T,NULL,NULL,,,7.250976394133943,10.502424943944789
T,NULL,NULL,637211830,353,7.250976394133943,10.502424943944789
T,NULL,NULL,,,8.16510202710532,5.738298687072484
T,NULL,NULL,637211865,388,8.16510202710532,5.738298687072484
T,NULL,NULL,,,5.526480543187603,8.124406247489016
T,NULL,NULL,637211666,189,5.526480543187603,8.124406247489016
T,NULL,NULL,,,6.9887581631421085,3.971223929720603
T,NULL,NULL,637211479,2,6.9887581631421085,3.971223929720603
T,NULL,NULL,,,6.547865021155857,4.997459722831024
T,NULL,NULL,637211835,358,6.547865021155857,4.997459722831024
T,NULL,NULL,,,6.95210689914326,5.420835339112413
T,NULL,NULL,637211782,305,6.95210689914326,5.420835339112413
T,NULL,NULL,,,5.802981988178985,6.302892129410425
T,NULL,NULL,637211543,66,5.802981988178985,6.302892129410425
T,NULL,NULL,,,6.43548577915935,5.825616684729581
T,NULL,NULL,637211886,409,6.43548577915935,5.825616684729581
T,NULL,NULL,,,8.040865024109237,5.41059341214128
T,NULL,NULL,637211854,377,8.040865024109237,5.41059341214128
T,NULL,NULL,,,8.393633436098142,6.34439174661521
T,NULL,NULL,637211667,190,8.393633436098142,6.34439174661521
T,NULL,NULL,,,5.432426933190499,7.590268050547928
T,NULL,NULL,637211761,284,5.432426933190499,7.590268050547928
T,NULL,NULL,,,5.218448232197133,8.192858100602148
T,NULL,NULL,637211787,310,5.218448232197133,8.192858100602148
T,NULL,NULL,,,8.201483796104185,5.960901173634167
T,NULL,NULL,637211687,210,8.201483796104185,5.960901173634167
T,NULL,NULL,,,5.788968269179435,5.697876797619727
T,NULL,NULL,637211704,227,5.788968269179435,5.697876797619727
T,NULL,NULL,,,7.35904372313054,10.781621224448827
T,NULL,NULL,637211907,430,7.35904372313054,10.781621224448827
T,NULL,NULL,,,6.120446609169164,5.362894755084381
T,NULL,NULL,637211834,357,6.120446609169164,5.362894755084381
T,NULL,NULL,,,8.357521161099285,5.296327346747311
T,NULL,NULL,637211777,300,8.357521161099285,5.296327346747311
T,NULL,NULL,,,6.052803468171263,5.485245353953932
T,NULL,NULL,637211621,144,6.052803468171263,5.485245353953932
T,NULL,NULL,,,10.250451128039558,8.039779759562839
T,NULL,NULL,637211964,487,10.250451128039558,8.039779759562839
T,NULL,NULL,,,7.721513940119223,5.492250621017907
T,NULL,NULL,637211619,142,7.721513940119223,5.492250621017907
T,NULL,NULL,,,9.645435784058733,5.162117423177076
T,NULL,NULL,637211490,13,9.645435784058733,5.162117423177076
T,NULL,NULL,,,6.711717729150763,3.92109819951816
T,NULL,NULL,637211549,72,6.711717729150763,3.92109819951816
T,NULL,NULL,,,9.448974231064923,8.236242419860641
T,NULL,NULL,637211516,39,9.448974231064923,8.236242419860641
T,NULL,NULL,,,8.114976034106917,5.6779319568532625
T,NULL,NULL,637211733,256,8.114976034106917,5.6779319568532625
T,NULL,NULL,,,9.992275315047749,7.576518934585347
T,NULL,NULL,637211953,476,9.992275315047749,7.576518934585347
T,NULL,NULL,,,6.6058063571540515,4.172267250111651
T,NULL,NULL,637211609,132,6.6058063571540515,4.172267250111651
T,NULL,NULL,,,9.498561235063349,4.615582601092866
T,NULL,NULL,637211683,206,9.498561235063349,4.615582601092866
T,NULL,NULL,,,5.580648955185907,8.172106748001868
T,NULL,NULL,637211554,77,5.580648955185907,8.172106748001868
T,NULL,NULL,,,5.88922025517634,6.1228696768232105
T,NULL,NULL,637211841,364,5.88922025517634,6.1228696768232105
T,NULL,NULL,,,8.091799500107626,5.407898408984556
T,NULL,NULL,637211770,293,8.091799500107626,5.407898408984556
T,NULL,NULL,,,6.11370924516936,5.487401258777554
T,NULL,NULL,637211936,459,6.11370924516936,5.487401258777554
T,NULL,NULL,,,6.990105636142076,5.449401728415799
T,NULL,NULL,637211866,389,6.990105636142076,5.449401728415799
T,NULL,NULL,,,5.795166645179236,5.923443759665165
T,NULL,NULL,637211852,375,5.795166645179236,5.923443759665165
T,NULL,NULL,,,5.3542735031929,8.71406052865238
T,NULL,NULL,637211738,261,5.3542735031929,8.71406052865238
T,NULL,NULL,,,7.915280547113156,5.592502396475134
T,NULL,NULL,637211573,96,7.915280547113156,5.592502396475134
T,NULL,NULL,,,6.128261952168913,5.512194748472294
T,NULL,NULL,637211824,347,6.128261952168913,5.512194748472294
T,NULL,NULL,,,7.979959247111125,9.131774712998029
T,NULL,NULL,637211718,241,7.979959247111125,9.131774712998029
T,NULL,NULL,,,8.399023327097979,5.5957357823106975
T,NULL,NULL,637211756,279,8.399023327097979,5.5957357823106975
T,NULL,NULL,,,10.305428023037805,7.314839246133892
T,NULL,NULL,637211648,171,10.305428023037805,7.314839246133892
T,NULL,NULL,,,6.452463938158829,3.830009265600309
T,NULL,NULL,637211720,243,6.452463938158829,3.830009265600309
T,NULL,NULL,,,7.105449318138454,11.23491137176861
T,NULL,NULL,637211680,203,7.105449318138454,11.23491137176861
T,NULL,NULL,,,6.133382349168727,6.627632833135575
T,NULL,NULL,637211804,327,6.133382349168727,6.627632833135575
T,NULL,NULL,,,6.394253108160626,5.503031702302663
T,NULL,NULL,637211698,221,6.394253108160626,5.503031702302663
T,NULL,NULL,,,6.71791610515055,3.921098193757405
T,NULL,NULL,637211810,333,6.71791610515055,3.921098193757405
T,NULL,NULL,,,5.512466825188,8.192588388155103
T,NULL,NULL,637211660,183,5.512466825188,8.192588388155103
T,NULL,NULL,,,7.047777477140272,3.7249058213284845
T,NULL,NULL,637211577,100,7.047777477140272,3.7249058213284845
T,NULL,NULL,,,4.826333611209293,6.8432294888121445
T,NULL,NULL,637211569,92,4.826333611209293,6.8432294888121445
T,NULL,NULL,,,6.19698307116677,5.1931131009612335
T,NULL,NULL,637211891,414,6.19698307116677,5.1931131009612335
T,NULL,NULL,,,10.338845352036756,3.6758538126346014
T,NULL,NULL,637211943,466,10.338845352036756,3.6758538126346014
T,NULL,NULL,,,7.528286322125268,3.9806556966227276
T,NULL,NULL,637211885,408,7.528286322125268,3.9806556966227276
T,NULL,NULL,,,9.21747838307222,7.362271782137455
T,NULL,NULL,637211688,211,9.21747838307222,7.362271782137455
T,NULL,NULL,,,8.283140656101608,3.2794299569341585
T,NULL,NULL,637211737,260,8.283140656101608,3.2794299569341585
T,NULL,NULL,,,6.703902386151,3.9302610227739656
T,NULL,NULL,637211828,351,6.703902386151,3.9302610227739656
T,NULL,NULL,,,7.529364301125227,4.12267934249608
T,NULL,NULL,637211883,406,7.529364301125227,4.12267934249608
T,NULL,NULL,,,7.285471701132863,3.784194394174239
T,NULL,NULL,637211714,237,7.285471701132863,3.784194394174239
T,NULL,NULL,,,5.397392637191587,6.886348219700406
T,NULL,NULL,637211800,323,5.397392637191587,6.886348219700406
T,NULL,NULL,,,10.247486687039654,8.068076695833048
T,NULL,NULL,637211641,164,10.247486687039654,8.068076695833048
T,NULL,NULL,,,8.296345890101207,5.477697272691107
T,NULL,NULL,637211493,16,8.296345890101207,5.477697272691107
T,NULL,NULL,,,6.500164480157338,5.1623904528764
T,NULL,NULL,637211659,182,6.500164480157338,5.1623904528764
T,NULL,NULL,,,7.289514120132722,5.992163527088472
T,NULL,NULL,637211588,111,7.289514120132722,5.992163527088472
T,NULL,NULL,,,8.321678381100426,5.442662947378968
T,NULL,NULL,637211534,57,8.321678381100426,5.442662947378968
T,NULL,NULL,,,7.138866647137434,4.807195985779249
T,NULL,NULL,637211914,437,7.138866647137434,4.807195985779249
T,NULL,NULL,,,8.087487587107773,5.022251661837668
T,NULL,NULL,637211889,412,8.087487587107773,5.022251661837668
T,NULL,NULL,,,7.257444264133738,4.007874928438218
T,NULL,NULL,637211879,402,7.257444264133738,4.007874928438218
T,NULL,NULL,,,8.283140656101608,3.2794299569341585
T,NULL,NULL,637211737,260,8.283140656101608,3.2794299569341585
T,NULL,NULL,,,6.792566105148239,6.1910510159505145
T,NULL,NULL,637211598,121,6.792566105148239,6.1910510159505145
T,NULL,NULL,,,7.975916829111256,5.875202149482939
T,NULL,NULL,637211771,294,7.975916829111256,5.875202149482939
T,NULL,NULL,,,6.708483794150837,5.35319242852161
T,NULL,NULL,637211692,215,6.708483794150837,5.35319242852161
T,NULL,NULL,,,8.601144266091652,5.3195035928620245
T,NULL,NULL,637211736,259,8.601144266091652,5.3195035928620245
T,NULL,NULL,,,7.995050944110659,6.202638049233621
T,NULL,NULL,637211642,165,7.995050944110659,6.202638049233621
T,NULL,NULL,,,5.097714658200886,6.753487606394046
T,NULL,NULL,637211616,139,5.097714658200886,6.753487606394046
T,NULL,NULL,,,8.311437587100727,5.375558808239696
T,NULL,NULL,637211815,338,8.311437587100727,5.375558808239696
T,NULL,NULL,,,5.6547599661836045,7.555233584574854
T,NULL,NULL,637211552,75,5.6547599661836045,7.555233584574854
T,NULL,NULL,,,6.302085960163481,4.661130699186763
T,NULL,NULL,637211893,416,6.302085960163481,4.661130699186763
T,NULL,NULL,,,6.9348592461437875,3.585577229701403
T,NULL,NULL,637211755,278,6.9348592461437875,3.585577229701403
T,NULL,NULL,,,6.920576033144258,6.094571832407206
T,NULL,NULL,637211537,60,6.920576033144258,6.094571832407206
T,NULL,NULL,,,9.645435784058733,5.162117423177076
T,NULL,NULL,637211490,13,9.645435784058733,5.162117423177076
T,NULL,NULL,,,7.989661052110833,6.196709174224664
T,NULL,NULL,637211570,93,7.989661052110833,6.196709174224664
T,NULL,NULL,,,6.5133697141568945,4.571119320992067
T,NULL,NULL,637211553,76,6.5133697141568945,4.571119320992067
T,NULL,NULL,,,5.086934875201209,6.715758371955088
T,NULL,NULL,637211937,460,5.086934875201209,6.715758371955088
T,NULL,NULL,,,5.8215771141784245,6.30423958749399
T,NULL,NULL,637211657,180,5.8215771141784245,6.30423958749399
T,NULL,NULL,,,8.119018453106776,4.997188630287567
T,NULL,NULL,637211925,448,8.119018453106776,4.997188630287567
T,NULL,NULL,,,10.212452391040756,5.17882529720056
T,NULL,NULL,637211745,268,10.212452391040756,5.17882529720056
T,NULL,NULL,,,7.951392821112023,6.03555145464112
T,NULL,NULL,637211709,232,7.951392821112023,6.03555145464112
T,NULL,NULL,,,8.560181089092936,11.420861051867444
T,NULL,NULL,637211563,86,8.560181089092936,11.420861051867444
T,NULL,NULL,,,10.207601489040925,5.179364294160197
T,NULL,NULL,637211555,78,10.207601489040925,5.179364294160197
T,NULL,NULL,,,6.928660870143972,6.396136265652761
T,NULL,NULL,637211855,378,6.928660870143972,6.396136265652761
T,NULL,NULL,,,8.386896071098377,5.220599333489957
T,NULL,NULL,637211700,223,8.386896071098377,5.220599333489957
T,NULL,NULL,,,7.061521701139853,4.765693895892164
T,NULL,NULL,637211526,49,7.061521701139853,4.765693895892164
T,NULL,NULL,,,7.297598957132479,10.841718579909953
T,NULL,NULL,637211560,83,7.297598957132479,10.841718579909953
T,NULL,NULL,,,6.625479462153422,6.041751170103621
T,NULL,NULL,637211975,498,6.625479462153422,6.041751170103621
T,NULL,NULL,,,6.673988487151931,5.611098778466307
T,NULL,NULL,637211655,178,6.673988487151931,5.611098778466307
T,NULL,NULL,,,5.643980182183967,5.725095864975715
T,NULL,NULL,637211753,276,5.643980182183967,5.725095864975715
T,NULL,NULL,,,6.9820207981423295,11.543752286240757
T,NULL,NULL,637211669,192,6.9820207981423295,11.543752286240757
T,NULL,NULL,,,6.005911410172715,5.540761276999632
T,NULL,NULL,637211894,417,6.005911410172715,5.540761276999632
T,NULL,NULL,,,5.107955452200571,7.993971175196037
T,NULL,NULL,637211816,339,5.107955452200571,7.993971175196037
T,NULL,NULL,,,6.785828740148432,5.483897230283182
T,NULL,NULL,637211650,173,6.785828740148432,5.483897230283182
T,NULL,NULL,,,5.295523684194734,6.835952807768514
T,NULL,NULL,637211947,470,5.295523684194734,6.835952807768514
T,NULL,NULL,,,8.174264843105036,4.653313476654116
T,NULL,NULL,637211958,481,8.174264843105036,4.653313476654116
T,NULL,NULL,,,7.3647031091303745,4.659243231668764
T,NULL,NULL,637211625,148,7.3647031091303745,4.659243231668764
T,NULL,NULL,,,7.98157621511109,6.188085356203405
T,NULL,NULL,637211851,374,7.98157621511109,6.188085356203405
T,NULL,NULL,,,7.138327658137456,3.7602095233125943
T,NULL,NULL,637211742,265,7.138327658137456,3.7602095233125943
T,NULL,NULL,,,6.954262856143188,5.386879019035818
T,NULL,NULL,637211790,313,6.954262856143188,5.386879019035818
T,NULL,NULL,,,8.684148599089042,5.0058117958169115
T,NULL,NULL,637211579,102,8.684148599089042,5.0058117958169115
T,NULL,NULL,,,8.222773869103534,5.700569379296693
T,NULL,NULL,637211604,127,8.222773869103534,5.700569379296693
T,NULL,NULL,,,6.942944083143544,5.584957549930571
T,NULL,NULL,637211748,271,6.942944083143544,5.584957549930571
T,NULL,NULL,,,6.130687403168821,5.517584638418519
T,NULL,NULL,637211583,106,6.130687403168821,5.517584638418519
T,NULL,NULL,,,10.247486687039654,8.068076695833048
T,NULL,NULL,637211641,164,10.247486687039654,8.068076695833048
T,NULL,NULL,,,7.824730366115986,4.256348341534822
T,NULL,NULL,637211813,336,7.824730366115986,4.256348341534822
T,NULL,NULL,,,8.29014751510141,5.25805919284914
T,NULL,NULL,637211477,0,8.29014751510141,5.25805919284914
T,NULL,NULL,,,8.056765204108729,5.143524260338737
T,NULL,NULL,637211899,422,8.056765204108729,5.143524260338737
T,NULL,NULL,,,5.526480543187603,8.124406247489016
T,NULL,NULL,637211666,189,5.526480543187603,8.124406247489016
T,NULL,NULL,,,6.832181809146988,3.2627228145843024
T,NULL,NULL,637211603,126,6.832181809146988,3.2627228145843024
T,NULL,NULL,,,8.135188128106265,5.365048721001279
T,NULL,NULL,637211478,1,8.135188128106265,5.365048721001279
T,NULL,NULL,,,5.7531254891805474,8.203906974164275
T,NULL,NULL,637211919,442,5.7531254891805474,8.203906974164275
T,NULL,NULL,,,6.556758343155579,3.801442745770047
T,NULL,NULL,637211923,446,6.556758343155579,3.801442745770047
T,NULL,NULL,,,7.487323145126538,4.032668194312301
T,NULL,NULL,637211901,424,7.487323145126538,4.032668194312301
T,NULL,NULL,,,5.183413936198235,6.7594164267067285
T,NULL,NULL,637211831,354,5.183413936198235,6.7594164267067285
T,NULL,NULL,,,8.057843182108684,4.729580576130471
T,NULL,NULL,637211599,122,8.057843182108684,4.729580576130471
T,NULL,NULL,,,7.971874410111383,4.759225075965506
T,NULL,NULL,637211586,109,7.971874410111383,4.759225075965506
T,NULL,NULL,,,9.54976520606175,5.390918454802473
T,NULL,NULL,637211941,464,9.54976520606175,5.390918454802473
T,NULL,NULL,,,9.155494628074166,7.438269334744847
T,NULL,NULL,637211548,71,9.155494628074166,7.438269334744847
T,NULL,NULL,,,9.155494628074166,7.438269334744847
T,NULL,NULL,637211548,71,9.155494628074166,7.438269334744847
T,NULL,NULL,,,8.267240475102113,5.9617095812546905
T,NULL,NULL,637211643,166,8.267240475102113,5.9617095812546905
T,NULL,NULL,,,8.0004408361105,4.700475225238406
T,NULL,NULL,637211615,138,8.0004408361105,4.700475225238406
T,NULL,NULL,,,5.339181807193398,7.595388516774142
T,NULL,NULL,637211749,272,5.339181807193398,7.595388516774142
T,NULL,NULL,,,7.951392821112023,6.03555145464112
T,NULL,NULL,637211709,232,7.951392821112023,6.03555145464112
T,NULL,NULL,,,9.504759611063179,4.920111474846572
T,NULL,NULL,637211580,103,9.504759611063179,4.920111474846572
T,NULL,NULL,,,5.822385598178414,6.6006836308443475
T,NULL,NULL,637211871,394,5.822385598178414,6.6006836308443475
T,NULL,NULL,,,5.406016464191339,7.579757781278806
T,NULL,NULL,637211501,24,5.406016464191339,7.579757781278806
T,NULL,NULL,,,6.1120922771693955,5.359391332142965
T,NULL,NULL,637211900,423,6.1120922771693955,5.359391332142965
T,NULL,NULL,,,6.1209855981691135,6.632483745628651
T,NULL,NULL,637211512,35,6.1209855981691135,6.632483745628651
T,NULL,NULL,,,7.936840114112499,6.416347319716146
T,NULL,NULL,637211605,128,7.936840114112499,6.416347319716146
T,NULL,NULL,,,7.114881629138196,4.777551605473183
T,NULL,NULL,637211743,266,7.114881629138196,4.777551605473183
T,NULL,NULL,,,9.916816831050141,8.105536910997962
T,NULL,NULL,637211551,74,9.916816831050141,8.105536910997962
T,NULL,NULL,,,8.342698959099735,5.4316136449858785
T,NULL,NULL,637211514,37,8.342698959099735,5.4316136449858785
T,NULL,NULL,,,6.4686336131583175,6.369995717153634
T,NULL,NULL,637211727,250,6.4686336131583175,6.369995717153634
T,NULL,NULL,,,6.575892458154982,6.024234067388829
T,NULL,NULL,637211582,105,6.575892458154982,6.024234067388829
T,NULL,NULL,,,6.91922856014429,5.559355587698713
T,NULL,NULL,637211532,55,6.91922856014429,5.559355587698713
T,NULL,NULL,,,5.127359063199975,7.922285601517559
T,NULL,NULL,637211862,385,5.127359063199975,7.922285601517559
T,NULL,NULL,,,6.56322621315536,4.956766026900496
T,NULL,NULL,637211510,33,6.56322621315536,4.956766026900496
T,NULL,NULL,,,8.693311414088754,6.31986738171182
T,NULL,NULL,637211509,32,8.693311414088754,6.31986738171182
T,NULL,NULL,,,5.394158702191689,8.099612845105826
T,NULL,NULL,637211783,306,5.394158702191689,8.099612845105826
T,NULL,NULL,,,7.753314301118209,5.645323510833274
T,NULL,NULL,637211949,472,7.753314301118209,5.645323510833274
T,NULL,NULL,,,7.142909066137321,10.391393282777834
T,NULL,NULL,637211572,95,7.142909066137321,10.391393282777834
T,NULL,NULL,,,6.600685960154209,5.9185921677896935
T,NULL,NULL,637211484,7,6.600685960154209,5.9185921677896935
T,NULL,NULL,,,7.995050944110659,5.900534619233622
T,NULL,NULL,637211952,475,7.995050944110659,5.900534619233622
T,NULL,NULL,,,8.090452027107673,5.80998433150144
T,NULL,NULL,637211967,490,8.090452027107673,5.80998433150144
T,NULL,NULL,,,8.075899320108121,6.045253120867167
T,NULL,NULL,637211954,477,8.075899320108121,6.045253120867167
T,NULL,NULL,,,8.599257804091707,4.835491320124186
T,NULL,NULL,637211977,500,8.599257804091707,4.835491320124186
T,NULL,NULL,,,5.309537402194323,8.305776265527752
T,NULL,NULL,637211612,135,5.309537402194323,8.305776265527752
T,NULL,NULL,,,8.414923508097488,5.013357964687952
T,NULL,NULL,637211496,19,8.414923508097488,5.013357964687952
T,NULL,NULL,,,7.983732171111001,6.016417302809994
T,NULL,NULL,637211480,3,7.983732171111001,6.016417302809994
T,NULL,NULL,,,6.601494444154184,2.8770762780513013
T,NULL,NULL,637211654,177,6.601494444154184,2.8770762780513013
T,NULL,NULL,,,7.325087405131612,5.028989843033327
T,NULL,NULL,637211699,222,7.325087405131612,5.028989843033327
T,NULL,NULL,,,6.963695166142912,5.37690771094297
T,NULL,NULL,637211524,47,6.963695166142912,5.37690771094297
T,NULL,NULL,,,5.78438686117957,8.268585649278327
T,NULL,NULL,637211500,23,5.78438686117957,8.268585649278327
T,NULL,NULL,,,8.367222966098979,5.359928057446726
T,NULL,NULL,637211678,201,8.367222966098979,5.359928057446726
T,NULL,NULL,,,10.167985785042177,7.299478252866879
T,NULL,NULL,637211502,25,10.167985785042177,7.299478252866879
T,NULL,NULL,,,8.466127479095888,5.147566207468341
T,NULL,NULL,637211483,6,8.466127479095888,5.147566207468341
T,NULL,NULL,,,7.066911593139665,10.787011408615689
T,NULL,NULL,637211744,267,7.066911593139665,10.787011408615689
T,NULL,NULL,,,5.36343631919263,7.676775863884344
T,NULL,NULL,637211873,396,5.36343631919263,7.676775863884344
T,NULL,NULL,,,10.204906543040991,5.174243900025158
T,NULL,NULL,637211945,468,10.204906543040991,5.174243900025158
T,NULL,NULL,,,9.943766290049268,7.3215771254469875
T,NULL,NULL,637211601,124,9.943766290049268,7.3215771254469875
T,NULL,NULL,,,5.252404550196104,8.240019628106404
T,NULL,NULL,637211789,312,5.252404550196104,8.240019628106404
T,NULL,NULL,,,6.709561772150835,3.7189772625206254
T,NULL,NULL,637211515,38,6.709561772150835,3.7189772625206254
T,NULL,NULL,,,6.872336502145757,6.30477765448267
T,NULL,NULL,637211715,238,6.872336502145757,6.30477765448267
T,NULL,NULL,,,8.45184426609633,11.384748905304523
T,NULL,NULL,637211652,175,8.45184426609633,11.384748905304523
T,NULL,NULL,,,5.94797007517451,7.001421976818685
T,NULL,NULL,637211732,255,5.94797007517451,7.001421976818685
T,NULL,NULL,,,6.066547692170801,5.413559782450886
T,NULL,NULL,637211751,274,6.066547692170801,5.413559782450886
T,NULL,NULL,,,6.7906796431482945,3.3524645507243083
T,NULL,NULL,637211791,314,6.7906796431482945,3.3524645507243083
T,NULL,NULL,,,8.340812497099819,5.9714113021776045
T,NULL,NULL,637211716,239,8.340812497099819,5.9714113021776045
T,NULL,NULL,,,5.258602926195891,5.893530269617573
T,NULL,NULL,637211938,461,5.258602926195891,5.893530269617573
T,NULL,NULL,,,5.145684694199403,6.741360316550745
T,NULL,NULL,637211633,156,5.145684694199403,6.741360316550745
T,NULL,NULL,,,10.823666111021353,10.109766818324522
T,NULL,NULL,637211840,363,10.823666111021353,10.109766818324522
T,NULL,NULL,,,8.813505999084953,7.186831315912259
T,NULL,NULL,637211970,493,8.813505999084953,7.186831315912259
T,NULL,NULL,,,4.931975488206007,6.074361365853847
T,NULL,NULL,637211596,119,4.931975488206007,6.074361365853847
T,NULL,NULL,,,9.421755278065788,5.485780718808395
T,NULL,NULL,637211723,246,9.421755278065788,5.485780718808395
T,NULL,NULL,,,10.634211417027373,5.026290743750959
T,NULL,NULL,637211961,484,10.634211417027373,5.026290743750959
T,NULL,NULL,,,7.885636142114095,4.806925713034855
T,NULL,NULL,637211870,393,7.885636142114095,4.806925713034855
T,NULL,NULL,,,5.342415742193282,8.663665050393586
T,NULL,NULL,637211763,286,5.342415742193282,8.663665050393586
T,NULL,NULL,,,10.212452391040756,5.17882529720056
T,NULL,NULL,637211745,268,10.212452391040756,5.17882529720056
T,NULL,NULL,,,10.250451128039558,8.039779759562839
T,NULL,NULL,637211964,487,10.250451128039558,8.039779759562839
T,NULL,NULL,,,8.012837587110084,6.189971783433577
T,NULL,NULL,637211877,400,8.012837587110084,6.189971783433577
T,NULL,NULL,,,6.958844264143053,6.170569268620869
T,NULL,NULL,637211775,298,6.958844264143053,6.170569268620869
T,NULL,NULL,,,6.673988487151931,5.621609067466308
T,NULL,NULL,637211528,51,6.673988487151931,5.621609067466308
T,NULL,NULL,,,6.696895527151213,5.656104353271821
T,NULL,NULL,637211722,245,6.696895527151213,5.656104353271821
T,NULL,NULL,,,9.568629827061159,4.154746766545983
T,NULL,NULL,637211559,82,9.568629827061159,4.154746766545983
T,NULL,NULL,,,5.896496609176111,6.372421656904009
T,NULL,NULL,637211887,410,5.896496609176111,6.372421656904009
T,NULL,NULL,,,9.371090296067365,5.473653529432372
T,NULL,NULL,637211695,218,9.371090296067365,5.473653529432372
T,NULL,NULL,,,7.825808345115959,4.271170542362453
T,NULL,NULL,637211818,341,7.825808345115959,4.271170542362453
T,NULL,NULL,,,5.457220435189754,7.548226876936246
T,NULL,NULL,637211978,501,5.457220435189754,7.548226876936246
T,NULL,NULL,,,6.997381990141847,11.612473391365402
T,NULL,NULL,637211662,185,6.997381990141847,11.612473391365402
T,NULL,NULL,,,7.983732171111001,6.016417302809994
T,NULL,NULL,637211480,3,7.983732171111001,6.016417302809994
T,NULL,NULL,,,4.970782709204812,6.788791485396955
T,NULL,NULL,637211606,129,4.970782709204812,6.788791485396955
T,NULL,NULL,,,6.558914299155489,4.952454117814189
T,NULL,NULL,637211918,441,6.558914299155489,4.952454117814189
T,NULL,NULL,,,6.527383433156487,3.993053422353174
T,NULL,NULL,637211703,226,6.527383433156487,3.993053422353174
T,NULL,NULL,,,7.940343543112377,6.14469677384901
T,NULL,NULL,637211530,53,7.940343543112377,6.14469677384901
T,NULL,NULL,,,8.79302441108561,5.959822494075519
T,NULL,NULL,637211600,123,8.79302441108561,5.959822494075519
T,NULL,NULL,,,8.138691558106146,2.8692593630342924
T,NULL,NULL,637211628,151,8.138691558106146,2.8692593630342924
T,NULL,NULL,,,8.302544266100995,4.885348167527536
T,NULL,NULL,637211539,62,8.302544266100995,4.885348167527536
T,NULL,NULL,,,8.621625855091011,5.412209705268265
T,NULL,NULL,637211518,41,8.621625855091011,5.412209705268265
T,NULL,NULL,,,8.284488129101575,4.8769938563798965
T,NULL,NULL,637211973,496,8.284488129101575,4.8769938563798965
T,NULL,NULL,,,7.749541377118362,4.942751131896648
T,NULL,NULL,637211781,304,7.749541377118362,4.942751131896648
T,NULL,NULL,,,6.7604962491492415,5.339987145036467
T,NULL,NULL,637211915,438,6.7604962491492415,5.339987145036467
T,NULL,NULL,,,5.2774675471953,8.233821234922877
T,NULL,NULL,637211640,163,5.2774675471953,8.233821234922877
T,NULL,NULL,,,10.063691380045483,7.477883816045986
T,NULL,NULL,637211726,249,10.063691380045483,7.477883816045986
T,NULL,NULL,,,7.749541377118362,4.942751131896648
T,NULL,NULL,637211781,304,7.749541377118362,4.942751131896648
T,NULL,NULL,,,8.217114482103682,5.7070372557725175
T,NULL,NULL,637211767,290,8.217114482103682,5.7070372557725175
T,NULL,NULL,,,7.162851665136671,5.8698131120034995
T,NULL,NULL,637211848,371,7.162851665136671,5.8698131120034995
T,NULL,NULL,,,6.136346790168659,5.469614597623156
T,NULL,NULL,637211712,235,6.136346790168659,5.469614597623156
T,NULL,NULL,,,8.241099500102948,5.918590478295705
T,NULL,NULL,637211624,147,8.241099500102948,5.918590478295705
T,NULL,NULL,,,5.35184805219302,8.667707462441953
T,NULL,NULL,637211820,343,5.35184805219302,8.667707462441953
T,NULL,NULL,,,8.491190475095095,6.101577009854377
T,NULL,NULL,637211663,186,8.491190475095095,6.101577009854377
T,NULL,NULL,,,6.497469534157418,5.076152187298745
T,NULL,NULL,637211778,301,6.497469534157418,5.076152187298745
T,NULL,NULL,,,9.928405099049755,12.844329681864163
T,NULL,NULL,637211796,319,9.928405099049755,12.844329681864163
T,NULL,NULL,,,8.30631719010087,4.951643831164392
T,NULL,NULL,637211750,273,8.30631719010087,4.951643831164392
T,NULL,NULL,,,9.989310875047835,5.6415478167424045
T,NULL,NULL,637211693,216,9.989310875047835,5.6415478167424045
T,NULL,NULL,,,8.04625491510906,5.01686181711059
T,NULL,NULL,637211814,337,8.04625491510906,5.01686181711059
T,NULL,NULL,,,7.89479895811381,5.2744988079844015
T,NULL,NULL,637211546,69,7.89479895811381,5.2744988079844015
T,NULL,NULL,,,8.649114302090126,4.018383677165414
T,NULL,NULL,637211581,104,8.649114302090126,4.018383677165414
T,NULL,NULL,,,7.938457081112446,6.035551468931534
T,NULL,NULL,637211779,302,7.938457081112446,6.035551468931534
T,NULL,NULL,,,5.144337221199407,8.548052016505784
T,NULL,NULL,637211535,58,5.144337221199407,8.548052016505784
T,NULL,NULL,,,8.444567912096545,5.3849909628701145
T,NULL,NULL,637211792,315,8.444567912096545,5.3849909628701145
T,NULL,NULL,,,6.947525491143395,5.389034982522981
T,NULL,NULL,637211511,34,6.947525491143395,5.389034982522981
T,NULL,NULL,,,7.205162315135354,5.044620649862486
T,NULL,NULL,637211602,125,7.205162315135354,5.044620649862486
T,NULL,NULL,,,5.409250399191237,5.833702360868024
T,NULL,NULL,637211859,382,5.409250399191237,5.833702360868024
T,NULL,NULL,,,6.686924227151522,5.953895878506785
T,NULL,NULL,637211706,229,6.686924227151522,5.953895878506785
T,NULL,NULL,,,8.30631719010087,4.951643831164392
T,NULL,NULL,637211750,273,8.30631719010087,4.951643831164392
T,NULL,NULL,,,9.12827567507506,7.531514495525862
T,NULL,NULL,637211584,107,9.12827567507506,7.531514495525862
T,NULL,NULL,,,8.347280367099614,12.12558964266098
T,NULL,NULL,637211686,209,8.347280367099614,12.12558964266098
T,NULL,NULL,,,7.990200042110814,5.220869280625747
T,NULL,NULL,637211587,110,7.990200042110814,5.220869280625747
T,NULL,NULL,,,6.1312263931688165,5.334597814962011
T,NULL,NULL,637211610,133,6.1312263931688165,5.334597814962011
T,NULL,NULL,,,6.682612314151669,5.558816821495923
T,NULL,NULL,637211578,101,6.682612314151669,5.558816821495923
T,NULL,NULL,,,8.022808886109786,9.192141452313674
T,NULL,NULL,637211872,395,8.022808886109786,9.192141452313674
T,NULL,NULL,,,8.666631450089554,5.4057417810133845
T,NULL,NULL,637211905,428,8.666631450089554,5.4057417810133845
T,NULL,NULL,,,7.237232170134348,10.506736870751473
T,NULL,NULL,637211892,415,7.237232170134348,10.506736870751473
T,NULL,NULL,,,4.593490289216476,7.477080903723625
T,NULL,NULL,637211491,14,4.593490289216476,7.477080903723625
T,NULL,NULL,,,7.975916829111256,5.87331568748294
T,NULL,NULL,637211922,445,7.975916829111256,5.87331568748294
T,NULL,NULL,,,9.55973650606144,4.634177646459114
T,NULL,NULL,637211486,9,9.55973650606144,4.634177646459114
T,NULL,NULL,,,8.41276755109756,5.002578184215209
T,NULL,NULL,637211974,497,8.41276755109756,5.002578184215209
T,NULL,NULL,,,8.106082713107185,7.347450922889521
T,NULL,NULL,637211809,332,8.106082713107185,7.347450922889521
T,NULL,NULL,,,8.369378923098921,5.64882624993364
T,NULL,NULL,637211850,373,8.369378923098921,5.64882624993364
T,NULL,NULL,,,6.066547692170801,5.413559782450886
T,NULL,NULL,637211751,274,6.066547692170801,5.413559782450886
T,NULL,NULL,,,6.965851123142841,3.576144889862831
T,NULL,NULL,637211701,224,6.965851123142841,3.576144889862831
T,NULL,NULL,,,8.213341558103807,5.764978596087171
T,NULL,NULL,637211507,30,8.213341558103807,5.764978596087171
T,NULL,NULL,,,7.298676936132452,10.73526821781878
T,NULL,NULL,637211585,108,7.298676936132452,10.73526821781878
T,NULL,NULL,,,8.193937948104434,5.696796488244442
T,NULL,NULL,637211822,345,8.193937948104434,5.696796488244442
T,NULL,NULL,,,8.327876757100242,5.243236947192758
T,NULL,NULL,637211884,407,8.327876757100242,5.243236947192758
T,NULL,NULL,,,7.35904372313054,11.187480070448826
T,NULL,NULL,637211567,90,7.35904372313054,11.187480070448826
T,NULL,NULL,,,8.041134518109217,5.970603159839844
T,NULL,NULL,637211842,365,8.041134518109217,5.970603159839844
T,NULL,NULL,,,7.275500401133172,4.094652166242515
T,NULL,NULL,637211861,384,7.275500401133172,4.094652166242515
T,NULL,NULL,,,6.8672161051459,3.980925851353988
T,NULL,NULL,637211868,391,6.8672161051459,3.980925851353988
T,NULL,NULL,,,9.512574954062913,4.768386012441049
T,NULL,NULL,637211812,335,9.512574954062913,4.768386012441049
T,NULL,NULL,,,6.097270075169874,5.869814089642083
T,NULL,NULL,637211728,251,6.097270075169874,5.869814089642083
T,NULL,NULL,,,7.533676214125094,5.039769410987836
T,NULL,NULL,637211677,200,7.533676214125094,5.039769410987836
T,NULL,NULL,,,8.525146793094038,11.395528602587426
T,NULL,NULL,637211857,380,8.525146793094038,11.395528602587426
T,NULL,NULL,,,5.275850579195378,8.227622860098657
T,NULL,NULL,637211635,158,5.275850579195378,8.227622860098657
T,NULL,NULL,,,8.003944265110377,5.40035265833928
T,NULL,NULL,637211971,494,8.003944265110377,5.40035265833928
T,NULL,NULL,,,8.033588670109438,6.023154612276089
T,NULL,NULL,637211909,432,8.033588670109438,6.023154612276089
T,NULL,NULL,,,6.518759606156749,5.743151267134239
T,NULL,NULL,637211785,308,6.518759606156749,5.743151267134239
T,NULL,NULL,,,8.919147877081627,7.5183095251556935
T,NULL,NULL,637211498,21,8.919147877081627,7.5183095251556935
T,NULL,NULL,,,7.986157623110941,5.3949627871166035
T,NULL,NULL,637211497,20,7.986157623110941,5.3949627871166035
T,NULL,NULL,,,8.96415347308023,4.6344479119582305
T,NULL,NULL,637211607,130,8.96415347308023,4.6344479119582305
T,NULL,NULL,,,5.085587402201256,8.63078689589908
T,NULL,NULL,637211575,98,5.085587402201256,8.63078689589908
T,NULL,NULL,,,6.491271158157602,3.8200379318662496
T,NULL,NULL,637211874,397,6.491271158157602,3.8200379318662496
T,NULL,NULL,,,7.9939729661106895,5.911044908432164
T,NULL,NULL,637211898,421,7.9939729661106895,5.911044908432164
T,NULL,NULL,,,8.291225493101365,5.317886989604663
T,NULL,NULL,637211542,65,8.291225493101365,5.317886989604663
T,NULL,NULL,,,6.906292820144685,4.0509944060840635
T,NULL,NULL,637211896,419,6.906292820144685,4.0509944060840635
T,NULL,NULL,,,7.992355998110739,6.185659893229666
T,NULL,NULL,637211827,350,7.992355998110739,6.185659893229666
T,NULL,NULL,,,5.236234875196587,8.215495632791134
T,NULL,NULL,637211856,379,5.236234875196587,8.215495632791134
T,NULL,NULL,,,5.076694081201538,8.68091289412306
T,NULL,NULL,637211499,22,5.076694081201538,8.68091289412306
T,NULL,NULL,,,6.561878740155436,3.8194988781238073
T,NULL,NULL,637211962,485,6.561878740155436,3.8194988781238073
T,NULL,NULL,,,8.575272786092441,3.992242791841059
T,NULL,NULL,637211864,387,8.575272786092441,3.992242791841059
T,NULL,NULL,,,5.158350940199,8.545087566560985
T,NULL,NULL,637211847,370,5.158350940199,8.545087566560985
T,NULL,NULL,,,8.16941394110519,4.651696515171226
T,NULL,NULL,637211647,170,8.16941394110519,4.651696515171226
T,NULL,NULL,,,10.814503295021638,10.094405641300634
T,NULL,NULL,637211849,372,10.814503295021638,10.094405641300634
T,NULL,NULL,,,7.793738489116976,10.204902355169176
T,NULL,NULL,637211944,467,7.793738489116976,10.204902355169176
T,NULL,NULL,,,6.953454372143199,6.176767648814619
T,NULL,NULL,637211768,291,6.953454372143199,6.176767648814619
T,NULL,NULL,,,7.426417369128444,11.1872105063421
T,NULL,NULL,637211494,17,7.426417369128444,11.1872105063421
T,NULL,NULL,,,6.987141195142158,10.950864194286028
T,NULL,NULL,637211566,89,6.987141195142158,10.950864194286028
T,NULL,NULL,,,5.502226031188329,8.069968359932162
T,NULL,NULL,637211665,188,5.502226031188329,8.069968359932162
T,NULL,NULL,,,6.36541718716154,5.385801583737331
T,NULL,NULL,637211679,202,6.36541718716154,5.385801583737331
T,NULL,NULL,,,6.424167007159724,4.990722469793149
T,NULL,NULL,637211957,480,6.424167007159724,4.990722469793149
T,NULL,NULL,,,6.966929101142796,5.403587670822515
T,NULL,NULL,637211955,478,6.966929101142796,5.403587670822515
T,NULL,NULL,,,5.307111951194386,5.832624458302158
T,NULL,NULL,637211853,376,5.307111951194386,5.832624458302158
T,NULL,NULL,,,8.378272244098639,5.014705480560072
T,NULL,NULL,637211762,285,8.378272244098639,5.014705480560072
T,NULL,NULL,,,6.9246184521441165,4.049107926531142
T,NULL,NULL,637211759,282,6.9246184521441165,4.049107926531142
T,NULL,NULL,,,6.980942820142374,4.130225742283383
T,NULL,NULL,637211895,418,6.980942820142374,4.130225742283383
T,NULL,NULL,,,7.723400402119182,5.273421015994043
T,NULL,NULL,637211529,52,7.723400402119182,5.273421015994043
T,NULL,NULL,,,8.078863760108035,5.398196618535878
T,NULL,NULL,637211881,404,8.078863760108035,5.398196618535878
T,NULL,NULL,,,6.694739570151285,3.833242980269762
T,NULL,NULL,637211797,320,6.694739570151285,3.833242980269762
T,NULL,NULL,,,6.141736681168496,5.4814723550519515
T,NULL,NULL,637211617,140,6.141736681168496,5.4814723550519515
T,NULL,NULL,,,8.031702208109493,5.508689451383872
T,NULL,NULL,637211690,213,8.031702208109493,5.508689451383872
T,NULL,NULL,,,7.814759067116313,6.473210810371326
T,NULL,NULL,637211707,230,7.814759067116313,6.473210810371326
T,NULL,NULL,,,7.873508886114493,4.949757856318409
T,NULL,NULL,637211786,309,7.873508886114493,4.949757856318409
T,NULL,NULL,,,5.613527294184905,6.831640655620149
T,NULL,NULL,637211513,36,5.613527294184905,6.831640655620149
T,NULL,NULL,,,8.641837949090373,5.293362568938579
T,NULL,NULL,637211801,324,8.641837949090373,5.293362568938579
T,NULL,NULL,,,9.645705279058717,7.431800819812855
T,NULL,NULL,637211930,453,9.645705279058717,7.431800819812855
T,NULL,NULL,,,7.817993002116225,4.643073078858345
T,NULL,NULL,637211487,10,7.817993002116225,4.643073078858345
T,NULL,NULL,,,6.920576033144258,5.401162264407206
T,NULL,NULL,637211618,141,6.920576033144258,5.401162264407206
T,NULL,NULL,,,8.283140656101608,3.573987537934158
T,NULL,NULL,637211684,207,8.283140656101608,3.573987537934158
T,NULL,NULL,,,5.207937944197482,7.9519299481515215
T,NULL,NULL,637211711,234,5.207937944197482,7.9519299481515215
T,NULL,NULL,,,4.73389696821215,8.114705002625648
T,NULL,NULL,637211503,26,4.73389696821215,8.114705002625648
T,NULL,NULL,,,6.921384516144229,4.060157207632179
T,NULL,NULL,637211731,254,6.921384516144229,4.060157207632179
T,NULL,NULL,,,5.409250399191237,5.833702360868024
T,NULL,NULL,637211859,382,5.409250399191237,5.833702360868024
T,NULL,NULL,,,5.223568630196979,6.82732903291866
T,NULL,NULL,637211774,297,5.223568630196979,6.82732903291866
T,NULL,NULL,,,5.720247150181578,6.353018188189484
T,NULL,NULL,637211959,482,5.720247150181578,6.353018188189484
T,NULL,NULL,,,6.885272242145319,5.724825295159629
T,NULL,NULL,637211541,64,6.885272242145319,5.724825295159629
T,NULL,NULL,,,4.992611770204135,6.677759700422688
T,NULL,NULL,637211547,70,4.992611770204135,6.677759700422688
T,NULL,NULL,,,6.987141195142158,10.950864194286028
T,NULL,NULL,637211566,89,6.987141195142158,10.950864194286028
T,NULL,NULL,,,6.121794082169089,5.46179926694498
T,NULL,NULL,637211593,116,6.121794082169089,5.46179926694498
T,NULL,NULL,,,9.187833978073172,8.00609438428047
T,NULL,NULL,637211858,381,9.187833978073172,8.00609438428047
T,NULL,NULL,,,8.62944119809076,5.418408071867799
T,NULL,NULL,637211773,296,8.62944119809076,5.418408071867799
T,NULL,NULL,,,6.986871701142178,10.976735674546894
T,NULL,NULL,637211664,187,6.986871701142178,10.976735674546894
T,NULL,NULL,,,5.767408703180095,8.231664904810984
T,NULL,NULL,637211904,427,5.767408703180095,8.231664904810984
T,NULL,NULL,,,5.539955273187189,7.9152784392072295
T,NULL,NULL,637211644,167,5.539955273187189,7.9152784392072295
T,NULL,NULL,,,7.921748417112937,5.620260331354443
T,NULL,NULL,637211508,31,7.921748417112937,5.620260331354443
T,NULL,NULL,,,8.470439392095727,5.356424506379929
T,NULL,NULL,637211565,88,8.470439392095727,5.356424506379929
